
{
  "header": {
    "reportVersion": 1,
    "event": "Allocation failed - JavaScript heap out of memory",
    "trigger": "FatalError",
    "filename": "report.20200318.185249.5668.0.001.json",
    "dumpEventTime": "2020-03-18T18:52:49Z",
    "dumpEventTimeStamp": "1584537769562",
    "processId": 5668,
    "cwd": "E:\\EXIMTRACKERSERVICES\\GVKNodeProject05nov",
    "commandLine": [
      "node",
      "./bin/www.js"
    ],
    "nodejsVersion": "v12.13.0",
    "wordSize": 64,
    "arch": "x64",
    "platform": "win32",
    "componentVersions": {
      "node": "12.13.0",
      "v8": "7.7.299.13-node.12",
      "uv": "1.32.0",
      "zlib": "1.2.11",
      "brotli": "1.0.7",
      "ares": "1.15.0",
      "modules": "72",
      "nghttp2": "1.39.2",
      "napi": "5",
      "llhttp": "1.1.4",
      "http_parser": "2.8.0",
      "openssl": "1.1.1d",
      "cldr": "35.1",
      "icu": "64.2",
      "tz": "2019a",
      "unicode": "12.1"
    },
    "release": {
      "name": "node",
      "lts": "Erbium",
      "headersUrl": "https://nodejs.org/download/release/v12.13.0/node-v12.13.0-headers.tar.gz",
      "sourceUrl": "https://nodejs.org/download/release/v12.13.0/node-v12.13.0.tar.gz",
      "libUrl": "https://nodejs.org/download/release/v12.13.0/win-x64/node.lib"
    },
    "osName": "Windows_NT",
    "osRelease": "6.3.9600",
    "osVersion": "Windows Server 2012 R2 Standard",
    "osMachine": "x86_64",
    "cpus": [
      {
        "model": "Intel(R) Xeon(R) CPU E5-2670 0 @ 2.60GHz",
        "speed": 2600,
        "user": 171585671,
        "nice": 0,
        "sys": 19423578,
        "idle": 1987071078,
        "irq": 836937
      },
      {
        "model": "Intel(R) Xeon(R) CPU E5-2670 0 @ 2.60GHz",
        "speed": 2600,
        "user": 186232078,
        "nice": 0,
        "sys": 14412484,
        "idle": 1977435515,
        "irq": 292578
      },
      {
        "model": "Intel(R) Xeon(R) CPU E5-2670 0 @ 2.60GHz",
        "speed": 2600,
        "user": 196509968,
        "nice": 0,
        "sys": 24391343,
        "idle": 1957178765,
        "irq": 283265
      },
      {
        "model": "Intel(R) Xeon(R) CPU E5-2670 0 @ 2.60GHz",
        "speed": 2600,
        "user": 160024687,
        "nice": 0,
        "sys": 13471562,
        "idle": 2004583828,
        "irq": 245328
      }
    ],
    "networkInterfaces": [
      {
        "name": "Ethernet",
        "internal": false,
        "mac": "00:50:56:98:45:0c",
        "address": "192.168.0.79",
        "netmask": "255.255.255.0",
        "family": "IPv4"
      },
      {
        "name": "Loopback Pseudo-Interface 1",
        "internal": true,
        "mac": "00:00:00:00:00:00",
        "address": "::1",
        "netmask": "ffff:ffff:ffff:ffff:ffff:ffff:ffff:ffff",
        "family": "IPv6",
        "scopeid": 0
      },
      {
        "name": "Loopback Pseudo-Interface 1",
        "internal": true,
        "mac": "00:00:00:00:00:00",
        "address": "127.0.0.1",
        "netmask": "255.0.0.0",
        "family": "IPv4"
      }
    ],
    "host": "GVKMOBAPP"
  },
  "javascriptStack": {
    "message": "No stack.",
    "stack": [
      "Unavailable."
    ]
  },
  "nativeStack": [
    {
      "pc": "0x00007ff684ef1389",
      "symbol": "std::basic_ostream<char,std::char_traits<char> >::operator<<+10873"
    },
    {
      "pc": "0x00007ff684ef57cc",
      "symbol": "std::basic_ostream<char,std::char_traits<char> >::operator<<+28348"
    },
    {
      "pc": "0x00007ff684ef4778",
      "symbol": "std::basic_ostream<char,std::char_traits<char> >::operator<<+24168"
    },
    {
      "pc": "0x00007ff684fe332b",
      "symbol": "v8::base::CPU::has_sse+37723"
    },
    {
      "pc": "0x00007ff6857e6f4e",
      "symbol": "v8::Isolate::ReportExternalAllocationLimitReached+94"
    },
    {
      "pc": "0x00007ff6857cef91",
      "symbol": "v8::SharedArrayBuffer::Externalize+833"
    },
    {
      "pc": "0x00007ff68569c85c",
      "symbol": "v8::internal::Heap::EphemeronKeyWriteBarrierFromCode+1436"
    },
    {
      "pc": "0x00007ff6856a7c00",
      "symbol": "v8::internal::Heap::ProtectUnprotectedMemoryChunks+1312"
    },
    {
      "pc": "0x00007ff6856a4734",
      "symbol": "v8::internal::Heap::PageFlagsAreConsistent+3204"
    },
    {
      "pc": "0x00007ff685699fc3",
      "symbol": "v8::internal::Heap::CollectGarbage+1283"
    },
    {
      "pc": "0x00007ff685698794",
      "symbol": "v8::internal::Heap::AddRetainedMap+2356"
    },
    {
      "pc": "0x00007ff6856b9a65",
      "symbol": "v8::internal::Factory::NewFillerObject+53"
    },
    {
      "pc": "0x00007ff685426239",
      "symbol": "v8::internal::interpreter::JumpTableTargetOffsets::iterator::operator=+4057"
    },
    {
      "pc": "0x00007ff685c12c6d",
      "symbol": "v8::internal::SetupIsolateDelegate::SetupHeap+567949"
    },
    {
      "pc": "0x000003f919f9b68a",
      "symbol": ""
    }
  ],
  "javascriptHeap": {
    "totalMemory": 2151669760,
    "totalCommittedMemory": 2151669760,
    "usedMemory": 2004820024,
    "availableMemory": 57735232,
    "memoryLimit": 2197815296,
    "heapSpaces": {
      "read_only_space": {
        "memorySize": 262144,
        "committedMemory": 262144,
        "capacity": 261872,
        "used": 32296,
        "available": 229576
      },
      "new_space": {
        "memorySize": 12582912,
        "committedMemory": 12582912,
        "capacity": 6284928,
        "used": 1495920,
        "available": 4789008
      },
      "old_space": {
        "memorySize": 2118496256,
        "committedMemory": 2118496256,
        "capacity": 1987243960,
        "used": 1986957776,
        "available": 286184
      },
      "code_space": {
        "memorySize": 1474560,
        "committedMemory": 1474560,
        "capacity": 1115040,
        "used": 1115040,
        "available": 0
      },
      "map_space": {
        "memorySize": 10489856,
        "committedMemory": 10489856,
        "capacity": 6921520,
        "used": 6921520,
        "available": 0
      },
      "large_object_space": {
        "memorySize": 8314880,
        "committedMemory": 8314880,
        "capacity": 8293920,
        "used": 8293920,
        "available": 0
      },
      "code_large_object_space": {
        "memorySize": 49152,
        "committedMemory": 49152,
        "capacity": 3552,
        "used": 3552,
        "available": 0
      },
      "new_large_object_space": {
        "memorySize": 0,
        "committedMemory": 0,
        "capacity": 6284928,
        "used": 0,
        "available": 6284928
      }
    }
  },
  "resourceUsage": {
    "userCpuSeconds": 23372,
    "kernelCpuSeconds": 12905.7,
    "cpuConsumptionPercent": 5.74943,
    "maxRss": 3352211456,
    "pageFaults": {
      "IORequired": 253763846,
      "IONotRequired": 0
    },
    "fsActivity": {
      "reads": 576,
      "writes": 6
    }
  },
  "libuv": [
  ],
  "environmentVariables": {
    "": "C:=C:\\",
    "": "E:=E:\\EXIMTRACKERSERVICES\\GVKNodeProject05nov",
    "ALLUSERSPROFILE": "C:\\ProgramData",
    "APPDATA": "C:\\Users\\shikhar.sharma\\AppData\\Roaming",
    "ChocolateyInstall": "C:\\ProgramData\\chocolatey",
    "ChocolateyLastPathUpdate": "132174920093134425",
    "CLIENTNAME": "GVKNRM4L0029",
    "CommonProgramFiles": "C:\\Program Files\\Common Files",
    "CommonProgramFiles(x86)": "C:\\Program Files (x86)\\Common Files",
    "CommonProgramW6432": "C:\\Program Files\\Common Files",
    "COMPUTERNAME": "GVKMOBAPP",
    "ComSpec": "C:\\Windows\\system32\\cmd.exe",
    "FP_NO_HOST_CHECK": "NO",
    "HOME": "C:\\Users\\shikhar.sharma",
    "HOMEDRIVE": "C:",
    "HOMEPATH": "\\Users\\shikhar.sharma",
    "INIT_CWD": "E:\\EXIMTRACKERSERVICES\\GVKNodeProject05nov\\bin",
    "LOCALAPPDATA": "C:\\Users\\shikhar.sharma\\AppData\\Local",
    "LOGONSERVER": "\\\\GVKCORPDC01",
    "NODE": "E:\\Program Files\\nodejs\\node.exe",
    "NODE_EXE": "E:\\Program Files\\nodejs\\\\node.exe",
    "NPM_CLI_JS": "E:\\Program Files\\nodejs\\\\node_modules\\npm\\bin\\npm-cli.js",
    "npm_config_access": "",
    "npm_config_allow_same_version": "",
    "npm_config_also": "",
    "npm_config_always_auth": "",
    "npm_config_argv": "{\"remain\":[],\"cooked\":[\"run\",\"start\",\"--node-flags\",\"--max-old-space-size\",\"8192\",\"--no-warnings\"],\"original\":[\"run\",\"start\",\"--node-flags\",\"--max-old-space-size=8192\",\"--no-warnings\"]}",
    "npm_config_audit": "true",
    "npm_config_audit_level": "low",
    "npm_config_auth_type": "legacy",
    "npm_config_before": "",
    "npm_config_bin_links": "true",
    "npm_config_browser": "",
    "npm_config_ca": "",
    "npm_config_cache": "C:\\Users\\shikhar.sharma\\AppData\\Roaming\\npm-cache",
    "npm_config_cache_lock_retries": "10",
    "npm_config_cache_lock_stale": "60000",
    "npm_config_cache_lock_wait": "10000",
    "npm_config_cache_max": "Infinity",
    "npm_config_cache_min": "10",
    "npm_config_cafile": "",
    "npm_config_cert": "",
    "npm_config_cidr": "",
    "npm_config_color": "true",
    "npm_config_commit_hooks": "true",
    "npm_config_depth": "Infinity",
    "npm_config_description": "true",
    "npm_config_dev": "",
    "npm_config_dry_run": "",
    "npm_config_editor": "notepad.exe",
    "npm_config_engine_strict": "",
    "npm_config_fetch_retries": "2",
    "npm_config_fetch_retry_factor": "10",
    "npm_config_fetch_retry_maxtimeout": "60000",
    "npm_config_fetch_retry_mintimeout": "10000",
    "npm_config_force": "",
    "npm_config_format_package_lock": "true",
    "npm_config_git": "git",
    "npm_config_git_tag_version": "true",
    "npm_config_global": "",
    "npm_config_globalconfig": "C:\\Users\\shikhar.sharma\\AppData\\Roaming\\npm\\etc\\npmrc",
    "npm_config_globalignorefile": "C:\\Users\\shikhar.sharma\\AppData\\Roaming\\npm\\etc\\npmignore",
    "npm_config_global_style": "",
    "npm_config_group": "",
    "npm_config_ham_it_up": "",
    "npm_config_heading": "npm",
    "npm_config_https_proxy": "",
    "npm_config_if_present": "",
    "npm_config_ignore_prepublish": "",
    "npm_config_ignore_scripts": "",
    "npm_config_init_author_email": "",
    "npm_config_init_author_name": "",
    "npm_config_init_author_url": "",
    "npm_config_init_license": "ISC",
    "npm_config_init_module": "C:\\Users\\shikhar.sharma\\.npm-init.js",
    "npm_config_init_version": "1.0.0",
    "npm_config_json": "",
    "npm_config_key": "",
    "npm_config_legacy_bundling": "",
    "npm_config_link": "",
    "npm_config_local_address": "",
    "npm_config_loglevel": "notice",
    "npm_config_logs_max": "10",
    "npm_config_long": "",
    "npm_config_maxsockets": "50",
    "npm_config_max_old_space_size": "8192",
    "npm_config_message": "%s",
    "npm_config_metrics_registry": "https://registry.npmjs.org/",
    "npm_config_node_flags": "true",
    "npm_config_node_gyp": "E:\\Program Files\\nodejs\\node_modules\\npm\\node_modules\\node-gyp\\bin\\node-gyp.js",
    "npm_config_node_options": "",
    "npm_config_node_version": "12.13.0",
    "npm_config_noproxy": "",
    "npm_config_offline": "",
    "npm_config_onload_script": "",
    "npm_config_only": "",
    "npm_config_optional": "true",
    "npm_config_otp": "",
    "npm_config_package_lock": "true",
    "npm_config_package_lock_only": "",
    "npm_config_parseable": "",
    "npm_config_prefer_offline": "",
    "npm_config_prefer_online": "",
    "npm_config_prefix": "C:\\Users\\shikhar.sharma\\AppData\\Roaming\\npm",
    "npm_config_preid": "",
    "npm_config_production": "",
    "npm_config_progress": "true",
    "npm_config_proxy": "",
    "npm_config_read_only": "",
    "npm_config_rebuild_bundle": "true",
    "npm_config_registry": "https://registry.npmjs.org/",
    "npm_config_rollback": "true",
    "npm_config_save": "true",
    "npm_config_save_bundle": "",
    "npm_config_save_dev": "",
    "npm_config_save_exact": "",
    "npm_config_save_optional": "",
    "npm_config_save_prefix": "^",
    "npm_config_save_prod": "",
    "npm_config_scope": "",
    "npm_config_scripts_prepend_node_path": "warn-only",
    "npm_config_script_shell": "",
    "npm_config_searchexclude": "",
    "npm_config_searchlimit": "20",
    "npm_config_searchopts": "",
    "npm_config_searchstaleness": "900",
    "npm_config_send_metrics": "",
    "npm_config_shell": "C:\\Windows\\system32\\cmd.exe",
    "npm_config_shrinkwrap": "true",
    "npm_config_sign_git_commit": "",
    "npm_config_sign_git_tag": "",
    "npm_config_sso_poll_frequency": "500",
    "npm_config_sso_type": "oauth",
    "npm_config_strict_ssl": "true",
    "npm_config_tag": "latest",
    "npm_config_tag_version_prefix": "v",
    "npm_config_timing": "",
    "npm_config_tmp": "C:\\Users\\SHIKHA~1.SHA\\AppData\\Local\\Temp\\3",
    "npm_config_umask": "0000",
    "npm_config_unicode": "",
    "npm_config_unsafe_perm": "true",
    "npm_config_update_notifier": "true",
    "npm_config_usage": "",
    "npm_config_user": "",
    "npm_config_userconfig": "C:\\Users\\shikhar.sharma\\.npmrc",
    "npm_config_user_agent": "npm/6.12.0 node/v12.13.0 win32 x64",
    "npm_config_version": "",
    "npm_config_versions": "",
    "npm_config_viewer": "browser",
    "npm_config_warnings": "",
    "npm_execpath": "E:\\Program Files\\nodejs\\node_modules\\npm\\bin\\npm-cli.js",
    "npm_lifecycle_event": "start",
    "npm_lifecycle_script": "node ./bin/www.js",
    "npm_node_execpath": "E:\\Program Files\\nodejs\\node.exe",
    "npm_package_dependencies_cookie_parser": "~1.4.3",
    "npm_package_dependencies_cors": "^2.8.5",
    "npm_package_dependencies_dateformat": "^3.0.3",
    "npm_package_dependencies_debug": "~2.6.9",
    "npm_package_dependencies_express": "~4.16.0",
    "npm_package_dependencies_http_errors": "~1.6.2",
    "npm_package_dependencies_jade": "~1.11.0",
    "npm_package_dependencies_moment": "^2.24.0",
    "npm_package_dependencies_mongodb": "^3.2.2",
    "npm_package_dependencies_morgan": "~1.9.0",
    "npm_package_dependencies_mssql": "^5.1.0",
    "npm_package_dependencies_tedious": "^6.2.0",
    "npm_package_dependencies_util": "^0.12.0",
    "npm_package_name": "taskproject",
    "npm_package_private": "true",
    "npm_package_scripts_start": "node ./bin/www.js",
    "npm_package_version": "0.0.0",
    "NPM_PREFIX_NPM_CLI_JS": "C:\\Users\\shikhar.sharma\\AppData\\Roaming\\npm\\node_modules\\npm\\bin\\npm-cli.js",
    "NUMBER_OF_PROCESSORS": "4",
    "OS": "Windows_NT",
    "Path": "E:\\Program Files\\nodejs\\node_modules\\npm\\node_modules\\npm-lifecycle\\node-gyp-bin;E:\\EXIMTRACKERSERVICES\\GVKNodeProject05nov\\node_modules\\.bin;C:\\Python27\\;C:\\Python27\\Scripts;C:\\Windows\\system32;C:\\Windows;C:\\Windows\\System32\\Wbem;C:\\Windows\\System32\\WindowsPowerShell\\v1.0\\;E:\\Program Files\\Microsoft SQL Server\\110\\DTS\\Binn\\;E:\\Program Files (x86)\\Microsoft SQL Server\\110\\Tools\\Binn\\;E:\\Program Files\\Microsoft SQL Server\\110\\Tools\\Binn\\;E:\\Program Files (x86)\\Microsoft SQL Server\\110\\Tools\\Binn\\ManagementStudio\\;C:\\Program Files (x86)\\Microsoft Visual Studio 10.0\\Common7\\IDE\\PrivateAssemblies\\;E:\\Program Files (x86)\\Microsoft SQL Server\\110\\DTS\\Binn\\;E:\\Program Files\\Microsoft SQL Server\\120\\DTS\\Binn\\;E:\\Program Files\\Microsoft SQL Server\\Client SDK\\ODBC\\110\\Tools\\Binn\\;E:\\Program Files (x86)\\Microsoft SQL Server\\120\\Tools\\Binn\\;E:\\Program Files\\Microsoft SQL Server\\120\\Tools\\Binn\\;E:\\Program Files (x86)\\Microsoft SQL Server\\120\\Tools\\Binn\\ManagementStudio\\;E:\\Program Files (x86)\\Microsoft SQL Server\\120\\DTS\\Binn\\;C:\\Program Files\\Microsoft Network Monitor 3\\;E:\\Program Files\\nodejs\\;C:\\ProgramData\\chocolatey\\bin;C:\\Users\\shikhar.sharma\\AppData\\Roaming\\npm",
    "PATHEXT": ".COM;.EXE;.BAT;.CMD;.VBS;.VBE;.JS;.JSE;.WSF;.WSH;.MSC",
    "PROCESSOR_ARCHITECTURE": "AMD64",
    "PROCESSOR_IDENTIFIER": "Intel64 Family 6 Model 45 Stepping 7, GenuineIntel",
    "PROCESSOR_LEVEL": "6",
    "PROCESSOR_REVISION": "2d07",
    "ProgramData": "C:\\ProgramData",
    "ProgramFiles": "C:\\Program Files",
    "ProgramFiles(x86)": "C:\\Program Files (x86)",
    "ProgramW6432": "C:\\Program Files",
    "PROMPT": "$P$G",
    "PSModulePath": "C:\\Windows\\system32\\WindowsPowerShell\\v1.0\\Modules\\;E:\\Program Files (x86)\\Microsoft SQL Server\\110\\Tools\\PowerShell\\Modules\\;E:\\Program Files (x86)\\Microsoft SQL Server\\120\\Tools\\PowerShell\\Modules\\;C:\\Program Files\\Microsoft Security Client\\MpProvider\\",
    "PUBLIC": "C:\\Users\\Public",
    "SESSIONNAME": "RDP-Tcp#2",
    "SystemDrive": "C:",
    "SystemRoot": "C:\\Windows",
    "TEMP": "C:\\Users\\SHIKHA~1.SHA\\AppData\\Local\\Temp\\3",
    "TMP": "C:\\Users\\SHIKHA~1.SHA\\AppData\\Local\\Temp\\3",
    "UATDATA": "C:\\Windows\\CCM\\UATData\\D9F8C395-CAB8-491d-B8AC-179A1FE1BE77",
    "USERDNSDOMAIN": "GVKBIO.COM",
    "USERDOMAIN": "GVKBIO",
    "USERDOMAIN_ROAMINGPROFILE": "GVKBIO",
    "USERNAME": "shikhar.sharma",
    "USERPROFILE": "C:\\Users\\shikhar.sharma",
    "windir": "C:\\Windows"
  },
  "sharedObjects": [
    "E:\\Program Files\\nodejs\\node.exe",
    "C:\\Windows\\SYSTEM32\\ntdll.dll",
    "C:\\Windows\\system32\\KERNEL32.DLL",
    "C:\\Windows\\system32\\KERNELBASE.dll",
    "C:\\Windows\\SYSTEM32\\dbghelp.dll",
    "C:\\Windows\\system32\\WS2_32.dll",
    "C:\\Windows\\system32\\ADVAPI32.dll",
    "C:\\Windows\\system32\\USER32.dll",
    "C:\\Windows\\SYSTEM32\\IPHLPAPI.DLL",
    "C:\\Windows\\system32\\PSAPI.DLL",
    "C:\\Windows\\SYSTEM32\\USERENV.dll",
    "C:\\Windows\\system32\\CRYPT32.dll",
    "C:\\Windows\\SYSTEM32\\bcrypt.dll",
    "C:\\Windows\\SYSTEM32\\WINMM.dll",
    "C:\\Windows\\system32\\msvcrt.dll",
    "C:\\Windows\\system32\\NSI.dll",
    "C:\\Windows\\system32\\RPCRT4.dll",
    "C:\\Windows\\SYSTEM32\\sechost.dll",
    "C:\\Windows\\system32\\GDI32.dll",
    "C:\\Windows\\SYSTEM32\\WINNSI.DLL",
    "C:\\Windows\\SYSTEM32\\profapi.dll",
    "C:\\Windows\\system32\\MSASN1.dll",
    "C:\\Windows\\SYSTEM32\\WINMMBASE.dll",
    "C:\\Windows\\system32\\SspiCli.dll",
    "C:\\Windows\\SYSTEM32\\cfgmgr32.dll",
    "C:\\Windows\\SYSTEM32\\DEVOBJ.dll",
    "C:\\Windows\\system32\\IMM32.DLL",
    "C:\\Windows\\system32\\MSCTF.dll",
    "C:\\Windows\\SYSTEM32\\powrprof.dll",
    "C:\\Windows\\system32\\uxtheme.dll",
    "C:\\Windows\\SYSTEM32\\combase.dll",
    "C:\\Windows\\system32\\mswsock.dll",
    "C:\\Windows\\system32\\bcryptprimitives.dll",
    "C:\\Windows\\SYSTEM32\\CRYPTBASE.DLL",
    "C:\\Windows\\SYSTEM32\\dhcpcsvc6.DLL",
    "C:\\Windows\\SYSTEM32\\dhcpcsvc.DLL",
    "C:\\Windows\\SYSTEM32\\DNSAPI.dll",
    "C:\\Windows\\System32\\rasadhlp.dll",
    "C:\\Windows\\System32\\fwpuclnt.dll",
    "C:\\Windows\\system32\\napinsp.dll",
    "C:\\Windows\\system32\\NLAapi.dll",
    "C:\\Windows\\System32\\winrnr.dll"
  ]
}